Generation,Red,Green
0,-0.59236693,-0.61743605
